family,candidate,round,iterations,work_items,elapsed_ns,items_per_second,checksum,state_bytes,unit
broadphase_sparse,naive,0,305852,4893632,99359840,49251609.101,1682187,0,attacker_queries
broadphase_dense,sweep_rebuild,0,61228,979648,97803216,10016521.338,696470,0,attacker_queries
numeric_motion,hybrid_int_position_float_velocity,0,2887,11825152,103538398,114210304.857,2592684200359348522,98304,fighter_ticks
broadphase_dense,naive,0,84031,1344496,109422761,12287169.394,955853,0,attacker_queries
numeric_motion,fixed_q16_16,0,27857,114102272,96720449,1179711975.903,5114672997083190090,65536,fighter_ticks
state_dispatch,switch,0,4878,159842304,100040850,1597770350.812,1431480254094629911,294912,entity_dispatches
layout_update,hot_cold_split,0,2312,75759616,93384867,811262235.882,9835848422266164690,2359296,entity_updates
numeric_motion,float32,0,19609,80318464,98432486,815975164.947,5809389148921457387,65536,fighter_ticks
state_dispatch,data_table,0,14372,470941696,100870141,4668791887.581,463686832922926989,294912,entity_dispatches
layout_update,aos_with_cold,0,1786,58523648,103107303,567599445.405,6126265558611129152,2359296,entity_updates
broadphase_dense,grid_16x16,0,218688,3499008,96112677,36405270.451,2487576,2048,attacker_queries
layout_update,soa,0,12376,405536768,97786229,4147176674.540,504033715703006143,2359296,entity_updates
broadphase_sparse,sweep_rebuild,0,492834,7885344,93413680,84413160.899,2710588,0,attacker_queries
snapshot_64k,tracked_dirty_8x64,0,2834956,2834956,100331380,28255925.514,15415350360390020090,528,snapshots
world_resolution,world_256_u8,0,22020,90193920,95167985,947733841.375,582423745202475247,16384,fighter_ticks
snapshot_64k,full_copy_restore,0,34395,34395,111382170,308801.669,11454064898595554491,65536,snapshots
snapshot_64k,scan_delta_64byte_chunks,0,66434,66434,100870670,658605.718,2425371727853661043,65536,snapshots
world_resolution,world_4096_u16,0,22903,93810688,97971459,957530784.552,6026945843039854204,32768,fighter_ticks
numeric_motion,cell_256_int8,0,12932,52969472,98335029,538663307.864,4953305751670994776,16384,fighter_ticks
broadphase_sparse,bitboard_256x256,0,256867,4109872,97463491,42168323.316,1412769,8192,attacker_queries
broadphase_sparse,grid_16x16,0,515385,8246160,102572015,80393857.915,2834618,2048,attacker_queries
broadphase_dense,bitboard_256x256,0,128842,2061472,96933546,21266858.431,1465579,8192,attacker_queries
state_dispatch,function_table,0,370,12124160,97510619,124336817.101,4741419544511688588,294912,entity_dispatches
layout_update,hot_cold_split,1,2312,75759616,98397075,769937683.615,9835848422266164690,2359296,entity_updates
layout_update,soa,1,12376,405536768,94661010,4284095088.358,504033715703006143,2359296,entity_updates
broadphase_dense,naive,1,84031,1344496,98679433,13624885.745,955853,0,attacker_queries
broadphase_dense,grid_16x16,1,218688,3499008,96843146,36130672.583,2487576,2048,attacker_queries
broadphase_dense,sweep_rebuild,1,61228,979648,94636633,10351678.509,696470,0,attacker_queries
world_resolution,world_4096_u16,1,22903,93810688,97134986,965776512.286,6026945843039854204,32768,fighter_ticks
snapshot_64k,scan_delta_64byte_chunks,1,66434,66434,100432052,661482.054,2425371727853661043,65536,snapshots
broadphase_sparse,naive,1,305852,4893632,96073025,50936587.039,1682187,0,attacker_queries
numeric_motion,cell_256_int8,1,12932,52969472,101302390,522884721.673,4953305751670994776,16384,fighter_ticks
world_resolution,world_256_u8,1,22020,90193920,96000003,939519970.640,582423745202475247,16384,fighter_ticks
broadphase_sparse,sweep_rebuild,1,492834,7885344,94467275,83471699.591,2710588,0,attacker_queries
snapshot_64k,full_copy_restore,1,34395,34395,100356729,342727.392,11454064898595554491,65536,snapshots
numeric_motion,float32,1,19609,80318464,96819106,829572460.626,5809389148921457387,65536,fighter_ticks
broadphase_dense,bitboard_256x256,1,128842,2061472,97643285,21112276.180,1465579,8192,attacker_queries
numeric_motion,fixed_q16_16,1,27857,114102272,97564215,1169509455.900,5114672997083190090,65536,fighter_ticks
broadphase_sparse,grid_16x16,1,515385,8246160,102454995,80485680.566,2834618,2048,attacker_queries
state_dispatch,function_table,1,370,12124160,98843625,122660009.687,4741419544511688588,294912,entity_dispatches
state_dispatch,switch,1,4878,159842304,96310126,1659662494.887,1431480254094629911,294912,entity_dispatches
numeric_motion,hybrid_int_position_float_velocity,1,2887,11825152,97278912,121559254.281,2592684200359348522,98304,fighter_ticks
layout_update,aos_with_cold,1,1786,58523648,96667543,605411559.907,6126265558611129152,2359296,entity_updates
state_dispatch,data_table,1,14372,470941696,100744636,4674608144.894,463686832922926989,294912,entity_dispatches
snapshot_64k,tracked_dirty_8x64,1,2834956,2834956,98170935,28877752.871,15415350360390020090,528,snapshots
broadphase_sparse,bitboard_256x256,1,256867,4109872,96371561,42646108.015,1412769,8192,attacker_queries
snapshot_64k,scan_delta_64byte_chunks,2,66434,66434,100134144,663450.022,2425371727853661043,65536,snapshots
snapshot_64k,full_copy_restore,2,34395,34395,98247478,350085.322,11454064898595554491,65536,snapshots
broadphase_dense,grid_16x16,2,218688,3499008,96902090,36108694.869,2487576,2048,attacker_queries
broadphase_sparse,sweep_rebuild,2,492834,7885344,97159532,81158727.689,2710588,0,attacker_queries
layout_update,soa,2,12376,405536768,99002229,4096238762.463,504033715703006143,2359296,entity_updates
state_dispatch,switch,2,4878,159842304,98060277,1630041326.520,1431480254094629911,294912,entity_dispatches
state_dispatch,function_table,2,370,12124160,98478142,123115239.116,4741419544511688588,294912,entity_dispatches
layout_update,hot_cold_split,2,2312,75759616,92784421,816512246.167,9835848422266164690,2359296,entity_updates
numeric_motion,hybrid_int_position_float_velocity,2,2887,11825152,103916201,113795076.092,2592684200359348522,98304,fighter_ticks
numeric_motion,fixed_q16_16,2,27857,114102272,95748200,1191691039.623,5114672997083190090,65536,fighter_ticks
numeric_motion,float32,2,19609,80318464,97025086,827811314.694,5809389148921457387,65536,fighter_ticks
broadphase_sparse,grid_16x16,2,515385,8246160,101013837,81633964.662,2834618,2048,attacker_queries
broadphase_sparse,naive,2,305852,4893632,94654583,51699894.975,1682187,0,attacker_queries
snapshot_64k,tracked_dirty_8x64,2,2834956,2834956,94985988,29846044.240,15415350360390020090,528,snapshots
broadphase_dense,sweep_rebuild,2,61228,979648,94055753,10415609.559,696470,0,attacker_queries
state_dispatch,data_table,2,14372,470941696,99880549,4715049133.340,463686832922926989,294912,entity_dispatches
broadphase_sparse,bitboard_256x256,2,256867,4109872,99454512,41324138.215,1412769,8192,attacker_queries
world_resolution,world_4096_u16,2,22903,93810688,96690390,970217288.399,6026945843039854204,32768,fighter_ticks
broadphase_dense,naive,2,84031,1344496,104736260,12836967.828,955853,0,attacker_queries
world_resolution,world_256_u8,2,22020,90193920,96830084,931465886.160,582423745202475247,16384,fighter_ticks
numeric_motion,cell_256_int8,2,12932,52969472,100374371,527719092.755,4953305751670994776,16384,fighter_ticks
broadphase_dense,bitboard_256x256,2,128842,2061472,97754487,21088259.611,1465579,8192,attacker_queries
layout_update,aos_with_cold,2,1786,58523648,95431971,613249913.910,6126265558611129152,2359296,entity_updates
state_dispatch,function_table,3,370,12124160,95912979,126407918.161,4741419544511688588,294912,entity_dispatches
broadphase_sparse,grid_16x16,3,515385,8246160,101009779,81637244.251,2834618,2048,attacker_queries
broadphase_sparse,sweep_rebuild,3,492834,7885344,93864117,84008077.336,2710588,0,attacker_queries
numeric_motion,float32,3,19609,80318464,101614804,790420891.822,5809389148921457387,65536,fighter_ticks
snapshot_64k,full_copy_restore,3,34395,34395,96847002,355147.803,11454064898595554491,65536,snapshots
world_resolution,world_4096_u16,3,22903,93810688,107208937,875026752.667,6026945843039854204,32768,fighter_ticks
broadphase_sparse,bitboard_256x256,3,256867,4109872,96817749,42449571.927,1412769,8192,attacker_queries
snapshot_64k,scan_delta_64byte_chunks,3,66434,66434,99354332,668657.306,2425371727853661043,65536,snapshots
broadphase_dense,naive,3,84031,1344496,101607327,13232274.086,955853,0,attacker_queries
broadphase_dense,sweep_rebuild,3,61228,979648,95365682,10272542.276,696470,0,attacker_queries
broadphase_sparse,naive,3,305852,4893632,94315841,51885578.797,1682187,0,attacker_queries
state_dispatch,data_table,3,14372,470941696,99494695,4733334737.093,463686832922926989,294912,entity_dispatches
layout_update,hot_cold_split,3,2312,75759616,91604826,827026471.291,9835848422266164690,2359296,entity_updates
broadphase_dense,bitboard_256x256,3,128842,2061472,98454599,20938300.709,1465579,8192,attacker_queries
layout_update,soa,3,12376,405536768,97479165,4160240478.055,504033715703006143,2359296,entity_updates
numeric_motion,cell_256_int8,3,12932,52969472,100480305,527162731.045,4953305751670994776,16384,fighter_ticks
layout_update,aos_with_cold,3,1786,58523648,100292152,583531680.525,6126265558611129152,2359296,entity_updates
state_dispatch,switch,3,4878,159842304,118177200,1352564657.142,1431480254094629911,294912,entity_dispatches
broadphase_dense,grid_16x16,3,218688,3499008,95672227,36572870.829,2487576,2048,attacker_queries
numeric_motion,fixed_q16_16,3,27857,114102272,109678252,1040336346.717,5114672997083190090,65536,fighter_ticks
numeric_motion,hybrid_int_position_float_velocity,3,2887,11825152,100450266,117721460.290,2592684200359348522,98304,fighter_ticks
snapshot_64k,tracked_dirty_8x64,3,2834956,2834956,97150165,29181175.348,15415350360390020090,528,snapshots
world_resolution,world_256_u8,3,22020,90193920,96781961,931929039.958,582423745202475247,16384,fighter_ticks
broadphase_sparse,bitboard_256x256,4,256867,4109872,99377452,41356182.084,1412769,8192,attacker_queries
state_dispatch,data_table,4,14372,470941696,100113799,4704063782.456,463686832922926989,294912,entity_dispatches
numeric_motion,float32,4,19609,80318464,98562151,814901695.885,5809389148921457387,65536,fighter_ticks
broadphase_sparse,naive,4,305852,4893632,94459508,51806664.079,1682187,0,attacker_queries
broadphase_sparse,grid_16x16,4,515385,8246160,109566103,75261963.091,2834618,2048,attacker_queries
state_dispatch,switch,4,4878,159842304,99807960,1601498557.830,1431480254094629911,294912,entity_dispatches
layout_update,aos_with_cold,4,1786,58523648,98114351,596484076.015,6126265558611129152,2359296,entity_updates
state_dispatch,function_table,4,370,12124160,98167830,123504410.763,4741419544511688588,294912,entity_dispatches
broadphase_dense,grid_16x16,4,218688,3499008,97589882,35854208.739,2487576,2048,attacker_queries
layout_update,soa,4,12376,405536768,95506751,4246158138.078,504033715703006143,2359296,entity_updates
layout_update,hot_cold_split,4,2312,75759616,97591371,776294207.405,9835848422266164690,2359296,entity_updates
numeric_motion,cell_256_int8,4,12932,52969472,103798421,510310961.281,4953305751670994776,16384,fighter_ticks
snapshot_64k,scan_delta_64byte_chunks,4,66434,66434,103085020,644458.332,2425371727853661043,65536,snapshots
snapshot_64k,tracked_dirty_8x64,4,2834956,2834956,96397022,29409165.773,15415350360390020090,528,snapshots
snapshot_64k,full_copy_restore,4,34395,34395,97514781,352715.759,11454064898595554491,65536,snapshots
numeric_motion,hybrid_int_position_float_velocity,4,2887,11825152,96926745,122000919.354,2592684200359348522,98304,fighter_ticks
world_resolution,world_256_u8,4,22020,90193920,95152147,947891590.928,582423745202475247,16384,fighter_ticks
world_resolution,world_4096_u16,4,22903,93810688,95698713,980271155.789,6026945843039854204,32768,fighter_ticks
broadphase_sparse,sweep_rebuild,4,492834,7885344,94376612,83551886.775,2710588,0,attacker_queries
broadphase_dense,sweep_rebuild,4,61228,979648,93848128,10438652.543,696470,0,attacker_queries
broadphase_dense,naive,4,84031,1344496,100432013,13387125.876,955853,0,attacker_queries
broadphase_dense,bitboard_256x256,4,128842,2061472,95185413,21657436.103,1465579,8192,attacker_queries
numeric_motion,fixed_q16_16,4,27857,114102272,95134921,1199373172.339,5114672997083190090,65536,fighter_ticks
layout_update,aos_with_cold,5,1786,58523648,99164416,590167827.943,6126265558611129152,2359296,entity_updates
numeric_motion,cell_256_int8,5,12932,52969472,99384982,532972597.409,4953305751670994776,16384,fighter_ticks
broadphase_sparse,naive,5,305852,4893632,98259073,49803360.144,1682187,0,attacker_queries
layout_update,hot_cold_split,5,2312,75759616,92269788,821066327.800,9835848422266164690,2359296,entity_updates
state_dispatch,data_table,5,14372,470941696,100742576,4674703732.015,463686832922926989,294912,entity_dispatches
world_resolution,world_4096_u16,5,22903,93810688,100126999,936917004.773,6026945843039854204,32768,fighter_ticks
world_resolution,world_256_u8,5,22020,90193920,97836316,921885897.666,582423745202475247,16384,fighter_ticks
broadphase_sparse,bitboard_256x256,5,256867,4109872,101201540,40610765.409,1412769,8192,attacker_queries
broadphase_sparse,sweep_rebuild,5,492834,7885344,97099011,81209313.244,2710588,0,attacker_queries
snapshot_64k,full_copy_restore,5,34395,34395,105400963,326325.292,11454064898595554491,65536,snapshots
snapshot_64k,scan_delta_64byte_chunks,5,66434,66434,106085877,626228.504,2425371727853661043,65536,snapshots
numeric_motion,hybrid_int_position_float_velocity,5,2887,11825152,103696704,114035948.529,2592684200359348522,98304,fighter_ticks
state_dispatch,function_table,5,370,12124160,98366887,123254485.018,4741419544511688588,294912,entity_dispatches
broadphase_dense,bitboard_256x256,5,128842,2061472,99374096,20744561.037,1465579,8192,attacker_queries
broadphase_sparse,grid_16x16,5,515385,8246160,108444064,76040676.602,2834618,2048,attacker_queries
broadphase_dense,naive,5,84031,1344496,100262955,13409698.527,955853,0,attacker_queries
numeric_motion,fixed_q16_16,5,27857,114102272,98081060,1163346644.092,5114672997083190090,65536,fighter_ticks
state_dispatch,switch,5,4878,159842304,100075868,1597211267.755,1431480254094629911,294912,entity_dispatches
numeric_motion,float32,5,19609,80318464,97798628,821263709.344,5809389148921457387,65536,fighter_ticks
layout_update,soa,5,12376,405536768,97269527,4169206744.472,504033715703006143,2359296,entity_updates
broadphase_dense,grid_16x16,5,218688,3499008,104585825,33455853.123,2487576,2048,attacker_queries
snapshot_64k,tracked_dirty_8x64,5,2834956,2834956,98989275,28639021.753,15415350360390020090,528,snapshots
broadphase_dense,sweep_rebuild,5,61228,979648,96853843,10114704.483,696470,0,attacker_queries
world_resolution,world_256_u8,6,22020,90193920,98222269,918263454.085,582423745202475247,16384,fighter_ticks
numeric_motion,hybrid_int_position_float_velocity,6,2887,11825152,102083473,115838065.188,2592684200359348522,98304,fighter_ticks
layout_update,hot_cold_split,6,2312,75759616,94408099,802469457.626,9835848422266164690,2359296,entity_updates
snapshot_64k,scan_delta_64byte_chunks,6,66434,66434,104364905,636554.980,2425371727853661043,65536,snapshots
numeric_motion,cell_256_int8,6,12932,52969472,106218561,498683765.825,4953305751670994776,16384,fighter_ticks
state_dispatch,switch,6,4878,159842304,96988487,1648054412.891,1431480254094629911,294912,entity_dispatches
numeric_motion,fixed_q16_16,6,27857,114102272,96263427,1185312797.975,5114672997083190090,65536,fighter_ticks
layout_update,aos_with_cold,6,1786,58523648,103272303,566692581.650,6126265558611129152,2359296,entity_updates
numeric_motion,float32,6,19609,80318464,97873608,820634547.364,5809389148921457387,65536,fighter_ticks
broadphase_sparse,grid_16x16,6,515385,8246160,100908969,81718801.428,2834618,2048,attacker_queries
state_dispatch,function_table,6,370,12124160,96524767,125606726.406,4741419544511688588,294912,entity_dispatches
broadphase_dense,naive,6,84031,1344496,98195542,13692026.874,955853,0,attacker_queries
broadphase_sparse,bitboard_256x256,6,256867,4109872,98492465,41727780.902,1412769,8192,attacker_queries
snapshot_64k,tracked_dirty_8x64,6,2834956,2834956,96032792,29520707.885,15415350360390020090,528,snapshots
state_dispatch,data_table,6,14372,470941696,106138931,4437030706.480,463686832922926989,294912,entity_dispatches
broadphase_dense,grid_16x16,6,218688,3499008,100286215,34890218.960,2487576,2048,attacker_queries
broadphase_dense,sweep_rebuild,6,61228,979648,92038366,10643909.085,696470,0,attacker_queries
world_resolution,world_4096_u16,6,22903,93810688,100428390,934105266.449,6026945843039854204,32768,fighter_ticks
broadphase_sparse,naive,6,305852,4893632,93648342,52255404.586,1682187,0,attacker_queries
snapshot_64k,full_copy_restore,6,34395,34395,97736958,351913.961,11454064898595554491,65536,snapshots
broadphase_sparse,sweep_rebuild,6,492834,7885344,92882974,84895472.878,2710588,0,attacker_queries
broadphase_dense,bitboard_256x256,6,128842,2061472,96240124,21420088.777,1465579,8192,attacker_queries
layout_update,soa,6,12376,405536768,96170195,4216865402.009,504033715703006143,2359296,entity_updates
numeric_motion,fixed_q16_16,7,27857,114102272,97367212,1171875723.421,5114672997083190090,65536,fighter_ticks
broadphase_dense,naive,7,84031,1344496,102879881,13068599.875,955853,0,attacker_queries
snapshot_64k,scan_delta_64byte_chunks,7,66434,66434,101474574,654686.168,2425371727853661043,65536,snapshots
state_dispatch,function_table,7,370,12124160,97057582,124917185.759,4741419544511688588,294912,entity_dispatches
numeric_motion,hybrid_int_position_float_velocity,7,2887,11825152,123032720,96113879.300,2592684200359348522,98304,fighter_ticks
world_resolution,world_4096_u16,7,22903,93810688,98909323,948451421.511,6026945843039854204,32768,fighter_ticks
broadphase_dense,sweep_rebuild,7,61228,979648,93789142,10445217.635,696470,0,attacker_queries
world_resolution,world_256_u8,7,22020,90193920,100489267,897547794.831,582423745202475247,16384,fighter_ticks
broadphase_sparse,naive,7,305852,4893632,95424837,51282581.704,1682187,0,attacker_queries
state_dispatch,data_table,7,14372,470941696,98942880,4759733050.018,463686832922926989,294912,entity_dispatches
broadphase_sparse,bitboard_256x256,7,256867,4109872,98603403,41680833.267,1412769,8192,attacker_queries
broadphase_dense,grid_16x16,7,218688,3499008,98209000,35628180.717,2487576,2048,attacker_queries
layout_update,aos_with_cold,7,1786,58523648,95754077,611187009.823,6126265558611129152,2359296,entity_updates
broadphase_dense,bitboard_256x256,7,128842,2061472,95844724,21508455.698,1465579,8192,attacker_queries
numeric_motion,cell_256_int8,7,12932,52969472,104398123,507379543.596,4953305751670994776,16384,fighter_ticks
broadphase_sparse,sweep_rebuild,7,492834,7885344,92896944,84882706.152,2710588,0,attacker_queries
layout_update,soa,7,12376,405536768,95889660,4229202272.696,504033715703006143,2359296,entity_updates
state_dispatch,switch,7,4878,159842304,94610930,1689469747.311,1431480254094629911,294912,entity_dispatches
layout_update,hot_cold_split,7,2312,75759616,91125655,831375269.676,9835848422266164690,2359296,entity_updates
broadphase_sparse,grid_16x16,7,515385,8246160,101344310,81367764.998,2834618,2048,attacker_queries
numeric_motion,float32,7,19609,80318464,96573261,831684289.920,5809389148921457387,65536,fighter_ticks
snapshot_64k,tracked_dirty_8x64,7,2834956,2834956,95120932,29803702.933,15415350360390020090,528,snapshots
snapshot_64k,full_copy_restore,7,34395,34395,106016080,324431.916,11454064898595554491,65536,snapshots
broadphase_dense,sweep_rebuild,8,61228,979648,93150733,10516803.985,696470,0,attacker_queries
broadphase_dense,grid_16x16,8,218688,3499008,96772797,36156937.781,2487576,2048,attacker_queries
state_dispatch,function_table,8,370,12124160,100375537,120787996.382,4741419544511688588,294912,entity_dispatches
broadphase_sparse,bitboard_256x256,8,256867,4109872,98273408,41820794.492,1412769,8192,attacker_queries
broadphase_dense,naive,8,84031,1344496,97404274,13803254.670,955853,0,attacker_queries
state_dispatch,switch,8,4878,159842304,94312403,1694817425.021,1431480254094629911,294912,entity_dispatches
layout_update,soa,8,12376,405536768,99859848,4061059335.880,504033715703006143,2359296,entity_updates
numeric_motion,fixed_q16_16,8,27857,114102272,97175372,1174189196.827,5114672997083190090,65536,fighter_ticks
layout_update,hot_cold_split,8,2312,75759616,95608846,792391281.451,9835848422266164690,2359296,entity_updates
numeric_motion,cell_256_int8,8,12932,52969472,100174947,528769653.355,4953305751670994776,16384,fighter_ticks
layout_update,aos_with_cold,8,1786,58523648,101701958,575442687.151,6126265558611129152,2359296,entity_updates
broadphase_sparse,sweep_rebuild,8,492834,7885344,94766693,83207968.437,2710588,0,attacker_queries
world_resolution,world_256_u8,8,22020,90193920,104703977,861418282.135,582423745202475247,16384,fighter_ticks
snapshot_64k,tracked_dirty_8x64,8,2834956,2834956,98832677,28684399.594,15415350360390020090,528,snapshots
numeric_motion,hybrid_int_position_float_velocity,8,2887,11825152,103891406,113822234.728,2592684200359348522,98304,fighter_ticks
numeric_motion,float32,8,19609,80318464,97215744,826187824.063,5809389148921457387,65536,fighter_ticks
snapshot_64k,full_copy_restore,8,34395,34395,99220239,346653.065,11454064898595554491,65536,snapshots
world_resolution,world_4096_u16,8,22903,93810688,103184189,909157584.211,6026945843039854204,32768,fighter_ticks
snapshot_64k,scan_delta_64byte_chunks,8,66434,66434,102927656,645443.631,2425371727853661043,65536,snapshots
state_dispatch,data_table,8,14372,470941696,100970428,4664154696.858,463686832922926989,294912,entity_dispatches
broadphase_sparse,naive,8,305852,4893632,104025515,47042612.574,1682187,0,attacker_queries
broadphase_dense,bitboard_256x256,8,128842,2061472,99168944,20787475.563,1465579,8192,attacker_queries
broadphase_sparse,grid_16x16,8,515385,8246160,103743689,79485895.282,2834618,2048,attacker_queries
layout_update,soa,9,12376,405536768,96694351,4194006824.659,504033715703006143,2359296,entity_updates
broadphase_sparse,sweep_rebuild,9,492834,7885344,99223438,79470578.312,2710588,0,attacker_queries
broadphase_sparse,bitboard_256x256,9,256867,4109872,99292918,41391391.076,1412769,8192,attacker_queries
layout_update,aos_with_cold,9,1786,58523648,98632065,593353165.626,6126265558611129152,2359296,entity_updates
broadphase_dense,grid_16x16,9,218688,3499008,99223802,35263796.886,2487576,2048,attacker_queries
world_resolution,world_4096_u16,9,22903,93810688,98710446,950362315.251,6026945843039854204,32768,fighter_ticks
snapshot_64k,full_copy_restore,9,34395,34395,100764698,341339.782,11454064898595554491,65536,snapshots
broadphase_dense,sweep_rebuild,9,61228,979648,93706875,10454387.685,696470,0,attacker_queries
snapshot_64k,scan_delta_64byte_chunks,9,66434,66434,104284951,637043.019,2425371727853661043,65536,snapshots
numeric_motion,hybrid_int_position_float_velocity,9,2887,11825152,115204814,102644599.556,2592684200359348522,98304,fighter_ticks
world_resolution,world_256_u8,9,22020,90193920,102776000,877577644.586,582423745202475247,16384,fighter_ticks
numeric_motion,float32,9,19609,80318464,97094538,827219178.900,5809389148921457387,65536,fighter_ticks
numeric_motion,fixed_q16_16,9,27857,114102272,98536001,1157975469.291,5114672997083190090,65536,fighter_ticks
broadphase_dense,bitboard_256x256,9,128842,2061472,97656296,21109463.337,1465579,8192,attacker_queries
broadphase_dense,naive,9,84031,1344496,103531480,12986349.659,955853,0,attacker_queries
broadphase_sparse,naive,9,305852,4893632,97253729,50318193.969,1682187,0,attacker_queries
broadphase_sparse,grid_16x16,9,515385,8246160,105109142,78453309.038,2834618,2048,attacker_queries
state_dispatch,switch,9,4878,159842304,95880245,1667103624.944,1431480254094629911,294912,entity_dispatches
state_dispatch,function_table,9,370,12124160,107255435,113040052.469,4741419544511688588,294912,entity_dispatches
numeric_motion,cell_256_int8,9,12932,52969472,103566267,511454873.622,4953305751670994776,16384,fighter_ticks
layout_update,hot_cold_split,9,2312,75759616,94881602,798464764.539,9835848422266164690,2359296,entity_updates
snapshot_64k,tracked_dirty_8x64,9,2834956,2834956,99571614,28471528.040,15415350360390020090,528,snapshots
state_dispatch,data_table,9,14372,470941696,103111522,4567304282.445,463686832922926989,294912,entity_dispatches
snapshot_64k,full_copy_restore,10,34395,34395,98726281,348387.477,11454064898595554491,65536,snapshots
numeric_motion,float32,10,19609,80318464,98231573,817644078.651,5809389148921457387,65536,fighter_ticks
layout_update,aos_with_cold,10,1786,58523648,100182688,584169272.839,6126265558611129152,2359296,entity_updates
world_resolution,world_256_u8,10,22020,90193920,100298277,899256923.427,582423745202475247,16384,fighter_ticks
broadphase_sparse,sweep_rebuild,10,492834,7885344,100419318,78524174.004,2710588,0,attacker_queries
state_dispatch,switch,10,4878,159842304,109104087,1465044146.330,1431480254094629911,294912,entity_dispatches
broadphase_sparse,grid_16x16,10,515385,8246160,129715907,63570923.495,2834618,2048,attacker_queries
layout_update,soa,10,12376,405536768,96638305,4196439165.608,504033715703006143,2359296,entity_updates
state_dispatch,function_table,10,370,12124160,97862383,123889891.379,4741419544511688588,294912,entity_dispatches
broadphase_dense,naive,10,84031,1344496,101745450,13214310.812,955853,0,attacker_queries
numeric_motion,fixed_q16_16,10,27857,114102272,101390903,1125369916.076,5114672997083190090,65536,fighter_ticks
broadphase_sparse,naive,10,305852,4893632,99124317,49368632.724,1682187,0,attacker_queries
broadphase_dense,sweep_rebuild,10,61228,979648,96896155,10110287.658,696470,0,attacker_queries
snapshot_64k,tracked_dirty_8x64,10,2834956,2834956,96720587,29310781.582,15415350360390020090,528,snapshots
broadphase_dense,grid_16x16,10,218688,3499008,98261547,35609127.953,2487576,2048,attacker_queries
layout_update,hot_cold_split,10,2312,75759616,102284059,740678623.245,9835848422266164690,2359296,entity_updates
state_dispatch,data_table,10,14372,470941696,103353850,4556595579.168,463686832922926989,294912,entity_dispatches
world_resolution,world_4096_u16,10,22903,93810688,102185617,918041998.024,6026945843039854204,32768,fighter_ticks
broadphase_sparse,bitboard_256x256,10,256867,4109872,103726858,39622062.012,1412769,8192,attacker_queries
numeric_motion,hybrid_int_position_float_velocity,10,2887,11825152,101730546,116239934.464,2592684200359348522,98304,fighter_ticks
snapshot_64k,scan_delta_64byte_chunks,10,66434,66434,103545959,641589.499,2425371727853661043,65536,snapshots
broadphase_dense,bitboard_256x256,10,128842,2061472,101323563,20345435.346,1465579,8192,attacker_queries
numeric_motion,cell_256_int8,10,12932,52969472,101902388,519805993.163,4953305751670994776,16384,fighter_ticks
broadphase_sparse,grid_16x16,11,515385,8246160,105950832,77830063.666,2834618,2048,attacker_queries
broadphase_sparse,naive,11,305852,4893632,102321910,47825846.879,1682187,0,attacker_queries
world_resolution,world_256_u8,11,22020,90193920,107510196,838933639.373,582423745202475247,16384,fighter_ticks
numeric_motion,fixed_q16_16,11,27857,114102272,99277571,1149325782.759,5114672997083190090,65536,fighter_ticks
numeric_motion,float32,11,19609,80318464,97947330,820016880.501,5809389148921457387,65536,fighter_ticks
world_resolution,world_4096_u16,11,22903,93810688,99505449,942769355.274,6026945843039854204,32768,fighter_ticks
state_dispatch,data_table,11,14372,470941696,105737226,4453887375.483,463686832922926989,294912,entity_dispatches
snapshot_64k,full_copy_restore,11,34395,34395,99616466,345274.244,11454064898595554491,65536,snapshots
broadphase_sparse,bitboard_256x256,11,256867,4109872,99459035,41322258.958,1412769,8192,attacker_queries
broadphase_dense,grid_16x16,11,218688,3499008,106741969,32780058.610,2487576,2048,attacker_queries
broadphase_dense,sweep_rebuild,11,61228,979648,107350308,9125712.057,696470,0,attacker_queries
layout_update,hot_cold_split,11,2312,75759616,99218558,763562961.679,9835848422266164690,2359296,entity_updates
layout_update,soa,11,12376,405536768,105591094,3840634211.063,504033715703006143,2359296,entity_updates
broadphase_dense,bitboard_256x256,11,128842,2061472,98226980,20986820.525,1465579,8192,attacker_queries
broadphase_sparse,sweep_rebuild,11,492834,7885344,92715191,85049104.844,2710588,0,attacker_queries
snapshot_64k,scan_delta_64byte_chunks,11,66434,66434,100976757,657913.781,2425371727853661043,65536,snapshots
numeric_motion,cell_256_int8,11,12932,52969472,105895360,500205788.053,4953305751670994776,16384,fighter_ticks
state_dispatch,switch,11,4878,159842304,95188358,1679221150.133,1431480254094629911,294912,entity_dispatches
layout_update,aos_with_cold,11,1786,58523648,97003182,603316786.041,6126265558611129152,2359296,entity_updates
broadphase_dense,naive,11,84031,1344496,99071397,13570980.532,955853,0,attacker_queries
state_dispatch,function_table,11,370,12124160,95965952,126338141.261,4741419544511688588,294912,entity_dispatches
snapshot_64k,tracked_dirty_8x64,11,2834956,2834956,97966309,28938070.944,15415350360390020090,528,snapshots
numeric_motion,hybrid_int_position_float_velocity,11,2887,11825152,102077355,115845007.935,2592684200359348522,98304,fighter_ticks
state_dispatch,data_table,12,14372,470941696,100222661,4698954221.541,463686832922926989,294912,entity_dispatches
layout_update,hot_cold_split,12,2312,75759616,91081096,831781997.880,9835848422266164690,2359296,entity_updates
numeric_motion,fixed_q16_16,12,27857,114102272,98926921,1153399608.990,5114672997083190090,65536,fighter_ticks
broadphase_dense,sweep_rebuild,12,61228,979648,93778093,10446448.298,696470,0,attacker_queries
broadphase_sparse,naive,12,305852,4893632,94373799,51853714.186,1682187,0,attacker_queries
state_dispatch,switch,12,4878,159842304,95645634,1671192895.224,1431480254094629911,294912,entity_dispatches
numeric_motion,cell_256_int8,12,12932,52969472,99694678,531316947.531,4953305751670994776,16384,fighter_ticks
broadphase_sparse,grid_16x16,12,515385,8246160,99639794,82759705.425,2834618,2048,attacker_queries
layout_update,aos_with_cold,12,1786,58523648,97862977,598016224.256,6126265558611129152,2359296,entity_updates
broadphase_sparse,sweep_rebuild,12,492834,7885344,96769387,81485935.216,2710588,0,attacker_queries
layout_update,soa,12,12376,405536768,94271881,4301778682.023,504033715703006143,2359296,entity_updates
snapshot_64k,scan_delta_64byte_chunks,12,66434,66434,103919836,639281.224,2425371727853661043,65536,snapshots
snapshot_64k,full_copy_restore,12,34395,34395,98106874,350587.055,11454064898595554491,65536,snapshots
snapshot_64k,tracked_dirty_8x64,12,2834956,2834956,96786445,29290837.162,15415350360390020090,528,snapshots
numeric_motion,float32,12,19609,80318464,96645369,831063762.610,5809389148921457387,65536,fighter_ticks
state_dispatch,function_table,12,370,12124160,97318136,124582739.645,4741419544511688588,294912,entity_dispatches
numeric_motion,hybrid_int_position_float_velocity,12,2887,11825152,99482682,118866437.477,2592684200359348522,98304,fighter_ticks
world_resolution,world_4096_u16,12,22903,93810688,96263702,974517767.871,6026945843039854204,32768,fighter_ticks
world_resolution,world_256_u8,12,22020,90193920,96629895,933395612.196,582423745202475247,16384,fighter_ticks
broadphase_dense,grid_16x16,12,218688,3499008,99885052,35030346.683,2487576,2048,attacker_queries
broadphase_sparse,bitboard_256x256,12,256867,4109872,98105244,41892480.284,1412769,8192,attacker_queries
broadphase_dense,bitboard_256x256,12,128842,2061472,98676222,20891274.090,1465579,8192,attacker_queries
broadphase_dense,naive,12,84031,1344496,98972575,13584530.866,955853,0,attacker_queries
numeric_motion,cell_256_int8,13,12932,52969472,99656058,531522850.322,4953305751670994776,16384,fighter_ticks
snapshot_64k,scan_delta_64byte_chunks,13,66434,66434,103093457,644405.590,2425371727853661043,65536,snapshots
broadphase_dense,sweep_rebuild,13,61228,979648,93434288,10484887.518,696470,0,attacker_queries
layout_update,soa,13,12376,405536768,96781821,4190216342.385,504033715703006143,2359296,entity_updates
layout_update,hot_cold_split,13,2312,75759616,91482947,828128284.936,9835848422266164690,2359296,entity_updates
world_resolution,world_4096_u16,13,22903,93810688,97688212,960307145.349,6026945843039854204,32768,fighter_ticks
numeric_motion,hybrid_int_position_float_velocity,13,2887,11825152,100711367,117416259.477,2592684200359348522,98304,fighter_ticks
state_dispatch,data_table,13,14372,470941696,98975783,4758150748.855,463686832922926989,294912,entity_dispatches
world_resolution,world_256_u8,13,22020,90193920,96368780,935924684.322,582423745202475247,16384,fighter_ticks
numeric_motion,float32,13,19609,80318464,96650663,831018241.437,5809389148921457387,65536,fighter_ticks
snapshot_64k,full_copy_restore,13,34395,34395,97626999,352310.328,11454064898595554491,65536,snapshots
state_dispatch,function_table,13,370,12124160,98225556,123431828.678,4741419544511688588,294912,entity_dispatches
broadphase_sparse,grid_16x16,13,515385,8246160,99842694,82591521.419,2834618,2048,attacker_queries
broadphase_dense,bitboard_256x256,13,128842,2061472,95403682,21607887.209,1465579,8192,attacker_queries
broadphase_sparse,naive,13,305852,4893632,94950334,51538860.306,1682187,0,attacker_queries
broadphase_sparse,bitboard_256x256,13,256867,4109872,98296105,41811137.888,1412769,8192,attacker_queries
broadphase_dense,naive,13,84031,1344496,100090883,13432751.912,955853,0,attacker_queries
state_dispatch,switch,13,4878,159842304,97760893,1635033182.440,1431480254094629911,294912,entity_dispatches
numeric_motion,fixed_q16_16,13,27857,114102272,96522112,1182136089.190,5114672997083190090,65536,fighter_ticks
broadphase_sparse,sweep_rebuild,13,492834,7885344,92905787,84874626.809,2710588,0,attacker_queries
layout_update,aos_with_cold,13,1786,58523648,97287636,601552781.075,6126265558611129152,2359296,entity_updates
snapshot_64k,tracked_dirty_8x64,13,2834956,2834956,96741571,29304423.845,15415350360390020090,528,snapshots
broadphase_dense,grid_16x16,13,218688,3499008,94025117,37213545.823,2487576,2048,attacker_queries
numeric_motion,hybrid_int_position_float_velocity,14,2887,11825152,97154459,121714969.356,2592684200359348522,98304,fighter_ticks
state_dispatch,function_table,14,370,12124160,97183054,124755906.518,4741419544511688588,294912,entity_dispatches
layout_update,soa,14,12376,405536768,98319751,4124672447.553,504033715703006143,2359296,entity_updates
snapshot_64k,full_copy_restore,14,34395,34395,97524950,352678.981,11454064898595554491,65536,snapshots
snapshot_64k,scan_delta_64byte_chunks,14,66434,66434,146435099,453675.386,2425371727853661043,65536,snapshots
state_dispatch,switch,14,4878,159842304,111829526,1429339010.164,1431480254094629911,294912,entity_dispatches
broadphase_dense,naive,14,84031,1344496,100958851,13317267.250,955853,0,attacker_queries
numeric_motion,cell_256_int8,14,12932,52969472,104994641,504496910.466,4953305751670994776,16384,fighter_ticks
numeric_motion,fixed_q16_16,14,27857,114102272,102412818,1114140536.588,5114672997083190090,65536,fighter_ticks
broadphase_sparse,naive,14,305852,4893632,99417259,49223163.556,1682187,0,attacker_queries
broadphase_sparse,grid_16x16,14,515385,8246160,106851795,77173808.826,2834618,2048,attacker_queries
broadphase_sparse,bitboard_256x256,14,256867,4109872,102857035,39957130.788,1412769,8192,attacker_queries
state_dispatch,data_table,14,14372,470941696,104000313,4528271910.105,463686832922926989,294912,entity_dispatches
snapshot_64k,tracked_dirty_8x64,14,2834956,2834956,106763779,26553537.413,15415350360390020090,528,snapshots
layout_update,hot_cold_split,14,2312,75759616,92613204,818021758.539,9835848422266164690,2359296,entity_updates
layout_update,aos_with_cold,14,1786,58523648,132231305,442585422.567,6126265558611129152,2359296,entity_updates
broadphase_dense,grid_16x16,14,218688,3499008,102778911,34044026.795,2487576,2048,attacker_queries
world_resolution,world_4096_u16,14,22903,93810688,98215444,955152104.184,6026945843039854204,32768,fighter_ticks
broadphase_dense,sweep_rebuild,14,61228,979648,94210712,10398477.829,696470,0,attacker_queries
numeric_motion,float32,14,19609,80318464,100113951,802270444.805,5809389148921457387,65536,fighter_ticks
world_resolution,world_256_u8,14,22020,90193920,97566195,924438223.711,582423745202475247,16384,fighter_ticks
broadphase_dense,bitboard_256x256,14,128842,2061472,99534908,20711045.415,1465579,8192,attacker_queries
broadphase_sparse,sweep_rebuild,14,492834,7885344,100155103,78731325.352,2710588,0,attacker_queries
